<component name="libraryTable">
  <library name="android.arch.core:common:1.0.0@jar">
    <CLASSES>
      <root url="jar://$USER_HOME$/.gradle/caches/modules-2/files-2.1/android.arch.core/common/1.0.0/a2d487452376193fc8c103dd2b9bd5f2b1b44563/common-1.0.0.jar!/" />
    </CLASSES>
    <JAVADOC />
    <SOURCES>
      <root url="jar://$USER_HOME$/.gradle/caches/modules-2/files-2.1/android.arch.core/common/1.0.0/a41fa3b9a66f3bdd41f98013a1688e969072aaf2/common-1.0.0-sources.jar!/" />
    </SOURCES>
  </library>
</component>