<component name="libraryTable">
  <library name="android.arch.lifecycle:runtime-1.0.0">
    <CLASSES>
      <root url="file://$USER_HOME$/.gradle/caches/transforms-1/files-1.1/runtime-1.0.0.aar/6be6ea6c1600611bb2e732a69a4a68b1/res" />
      <root url="jar://$USER_HOME$/.gradle/caches/transforms-1/files-1.1/runtime-1.0.0.aar/6be6ea6c1600611bb2e732a69a4a68b1/jars/classes.jar!/" />
    </CLASSES>
    <JAVADOC />
    <SOURCES>
      <root url="jar://$USER_HOME$/.gradle/caches/modules-2/files-2.1/android.arch.lifecycle/runtime/1.0.0/1dd0298d8c45d8dfa4d038270247327f23df7a3a/runtime-1.0.0-sources.jar!/" />
    </SOURCES>
  </library>
</component>