<component name="libraryTable">
  <library name="android.arch.lifecycle:common:1.0.0@jar">
    <CLASSES>
      <root url="jar://$USER_HOME$/.gradle/caches/modules-2/files-2.1/android.arch.lifecycle/common/1.0.0/e414a4cb28434e25c4f6aa71426eb20cf4874ae9/common-1.0.0.jar!/" />
    </CLASSES>
    <JAVADOC />
    <SOURCES>
      <root url="jar://$USER_HOME$/.gradle/caches/modules-2/files-2.1/android.arch.lifecycle/common/1.0.0/39ce4055689b4b766478265a8c661f4165f26dc3/common-1.0.0-sources.jar!/" />
    </SOURCES>
  </library>
</component>