<component name="libraryTable">
  <library name="com.google.android.gms:play-services-basement-license-12.0.0">
    <CLASSES>
      <root url="file://$USER_HOME$/.gradle/caches/transforms-1/files-1.1/play-services-basement-license-12.0.0.aar/579ddf8d825cc42d98f6dd25b2bf380d/res" />
      <root url="jar://$USER_HOME$/.gradle/caches/transforms-1/files-1.1/play-services-basement-license-12.0.0.aar/579ddf8d825cc42d98f6dd25b2bf380d/jars/classes.jar!/" />
    </CLASSES>
    <JAVADOC />
    <SOURCES />
  </library>
</component>