<component name="libraryTable">
  <library name="com.android.support:transition-26.1.0">
    <CLASSES>
      <root url="file://$USER_HOME$/.gradle/caches/transforms-1/files-1.1/transition-26.1.0.aar/ae7d9009fcbe61400ddc3def28a452f6/res" />
      <root url="jar://$USER_HOME$/.gradle/caches/transforms-1/files-1.1/transition-26.1.0.aar/ae7d9009fcbe61400ddc3def28a452f6/jars/classes.jar!/" />
    </CLASSES>
    <JAVADOC />
    <SOURCES>
      <root url="jar://$USER_HOME$/.gradle/caches/modules-2/files-2.1/com.android.support/transition/26.1.0/bf675688e3ad5a0b68c627efa77de94822af2610/transition-26.1.0-sources.jar!/" />
    </SOURCES>
  </library>
</component>