<component name="libraryTable">
  <library name="com.google.android.gms:play-services-basement-12.0.0">
    <CLASSES>
      <root url="jar://$USER_HOME$/.gradle/caches/transforms-1/files-1.1/play-services-basement-12.0.0.aar/646a39e104ac2be497fd179e0d2ddcc0/jars/classes.jar!/" />
      <root url="file://$USER_HOME$/.gradle/caches/transforms-1/files-1.1/play-services-basement-12.0.0.aar/646a39e104ac2be497fd179e0d2ddcc0/res" />
    </CLASSES>
    <JAVADOC />
    <SOURCES />
  </library>
</component>