<component name="libraryTable">
  <library name="com.android.support:support-fragment-26.1.0">
    <CLASSES>
      <root url="file://$USER_HOME$/.gradle/caches/transforms-1/files-1.1/support-fragment-26.1.0.aar/78996e5ee27c563fe696bb191332d0fb/res" />
      <root url="jar://$USER_HOME$/.gradle/caches/transforms-1/files-1.1/support-fragment-26.1.0.aar/78996e5ee27c563fe696bb191332d0fb/jars/classes.jar!/" />
    </CLASSES>
    <JAVADOC />
    <SOURCES>
      <root url="jar://$USER_HOME$/.gradle/caches/modules-2/files-2.1/com.android.support/support-fragment/26.1.0/8279b00f5194701ff18363fa2958c5a26670b0ef/support-fragment-26.1.0-sources.jar!/" />
    </SOURCES>
  </library>
</component>