<component name="libraryTable">
  <library name="com.google.android.gms:play-services-tasks-license-12.0.0">
    <CLASSES>
      <root url="file://$USER_HOME$/.gradle/caches/transforms-1/files-1.1/play-services-tasks-license-12.0.0.aar/e5f50bf645d9a916be61980474b45dc5/res" />
      <root url="jar://$USER_HOME$/.gradle/caches/transforms-1/files-1.1/play-services-tasks-license-12.0.0.aar/e5f50bf645d9a916be61980474b45dc5/jars/classes.jar!/" />
    </CLASSES>
    <JAVADOC />
    <SOURCES />
  </library>
</component>