<component name="libraryTable">
  <library name="com.android.support:support-core-ui-26.1.0">
    <CLASSES>
      <root url="file://$USER_HOME$/.gradle/caches/transforms-1/files-1.1/support-core-ui-26.1.0.aar/0daaf066d4823923a698f0655faf1bc7/res" />
      <root url="jar://$USER_HOME$/.gradle/caches/transforms-1/files-1.1/support-core-ui-26.1.0.aar/0daaf066d4823923a698f0655faf1bc7/jars/classes.jar!/" />
    </CLASSES>
    <JAVADOC />
    <SOURCES>
      <root url="jar://$USER_HOME$/.gradle/caches/modules-2/files-2.1/com.android.support/support-core-ui/26.1.0/4d52cef4a24bf9939de1d256ca9f0974c6e636a4/support-core-ui-26.1.0-sources.jar!/" />
    </SOURCES>
  </library>
</component>