<component name="libraryTable">
  <library name="com.android.support:appcompat-v7-26.1.0">
    <CLASSES>
      <root url="jar://$USER_HOME$/.gradle/caches/transforms-1/files-1.1/appcompat-v7-26.1.0.aar/fbf4ffac628565b1699e6cdaa149a91a/jars/classes.jar!/" />
      <root url="file://$USER_HOME$/.gradle/caches/transforms-1/files-1.1/appcompat-v7-26.1.0.aar/fbf4ffac628565b1699e6cdaa149a91a/res" />
    </CLASSES>
    <JAVADOC />
    <SOURCES>
      <root url="jar://$USER_HOME$/.gradle/caches/modules-2/files-2.1/com.android.support/appcompat-v7/26.1.0/2b34456c30d6b6e5db5fa3e8fa02f6cebd5531fd/appcompat-v7-26.1.0-sources.jar!/" />
    </SOURCES>
  </library>
</component>