<component name="libraryTable">
  <library name="com.android.support:animated-vector-drawable-26.1.0">
    <CLASSES>
      <root url="jar://$USER_HOME$/.gradle/caches/transforms-1/files-1.1/animated-vector-drawable-26.1.0.aar/dd792358aa845ff55f5eee7ceec22fcb/jars/classes.jar!/" />
      <root url="file://$USER_HOME$/.gradle/caches/transforms-1/files-1.1/animated-vector-drawable-26.1.0.aar/dd792358aa845ff55f5eee7ceec22fcb/res" />
    </CLASSES>
    <JAVADOC />
    <SOURCES>
      <root url="jar://$USER_HOME$/.gradle/caches/modules-2/files-2.1/com.android.support/animated-vector-drawable/26.1.0/91743e9b07667784f471a3c4748e6883cd810084/animated-vector-drawable-26.1.0-sources.jar!/" />
    </SOURCES>
  </library>
</component>