<component name="libraryTable">
  <library name="com.android.support.constraint:constraint-layout-1.0.2">
    <CLASSES>
      <root url="jar://$USER_HOME$/.gradle/caches/transforms-1/files-1.1/constraint-layout-1.0.2.aar/2b88b806eea6b54a1e5ca38ba0d4d084/jars/classes.jar!/" />
      <root url="file://$USER_HOME$/.gradle/caches/transforms-1/files-1.1/constraint-layout-1.0.2.aar/2b88b806eea6b54a1e5ca38ba0d4d084/res" />
    </CLASSES>
    <JAVADOC />
    <SOURCES />
  </library>
</component>