<component name="libraryTable">
  <library name="com.android.support:support-vector-drawable-26.1.0">
    <CLASSES>
      <root url="file://$USER_HOME$/.gradle/caches/transforms-1/files-1.1/support-vector-drawable-26.1.0.aar/0cd420c35117d0c2776eaf753f757daf/res" />
      <root url="jar://$USER_HOME$/.gradle/caches/transforms-1/files-1.1/support-vector-drawable-26.1.0.aar/0cd420c35117d0c2776eaf753f757daf/jars/classes.jar!/" />
    </CLASSES>
    <JAVADOC />
    <SOURCES>
      <root url="jar://$USER_HOME$/.gradle/caches/modules-2/files-2.1/com.android.support/support-vector-drawable/26.1.0/7a59c417eb560e5ddc2de20792ad45b38e422a5b/support-vector-drawable-26.1.0-sources.jar!/" />
    </SOURCES>
  </library>
</component>