<component name="libraryTable">
  <library name="com.android.support:support-v4-26.1.0">
    <CLASSES>
      <root url="jar://$USER_HOME$/.gradle/caches/transforms-1/files-1.1/support-v4-26.1.0.aar/19f688f93a1bf5523e125a4ed2e24935/jars/classes.jar!/" />
      <root url="file://$USER_HOME$/.gradle/caches/transforms-1/files-1.1/support-v4-26.1.0.aar/19f688f93a1bf5523e125a4ed2e24935/res" />
    </CLASSES>
    <JAVADOC />
    <SOURCES>
      <root url="jar://$USER_HOME$/.gradle/caches/modules-2/files-2.1/com.android.support/support-v4/26.1.0/9c53eab3272b3b26583b17facac2e90d264b2788/support-v4-26.1.0-sources.jar!/" />
    </SOURCES>
  </library>
</component>