<component name="libraryTable">
  <library name="com.google.android.gms:play-services-maps-license-12.0.0">
    <CLASSES>
      <root url="jar://$USER_HOME$/.gradle/caches/transforms-1/files-1.1/play-services-maps-license-12.0.0.aar/d1f630959e142b5ab081b93c20e51b81/jars/classes.jar!/" />
      <root url="file://$USER_HOME$/.gradle/caches/transforms-1/files-1.1/play-services-maps-license-12.0.0.aar/d1f630959e142b5ab081b93c20e51b81/res" />
    </CLASSES>
    <JAVADOC />
    <SOURCES />
  </library>
</component>