<component name="libraryTable">
  <library name="com.android.support:support-core-utils-26.1.0">
    <CLASSES>
      <root url="file://$USER_HOME$/.gradle/caches/transforms-1/files-1.1/support-core-utils-26.1.0.aar/535bf4cd7cffab1186e439b8ca7f3dc0/res" />
      <root url="jar://$USER_HOME$/.gradle/caches/transforms-1/files-1.1/support-core-utils-26.1.0.aar/535bf4cd7cffab1186e439b8ca7f3dc0/jars/classes.jar!/" />
    </CLASSES>
    <JAVADOC />
    <SOURCES>
      <root url="jar://$USER_HOME$/.gradle/caches/modules-2/files-2.1/com.android.support/support-core-utils/26.1.0/2b0c3da7f80880bbf365452b354490a77f085c96/support-core-utils-26.1.0-sources.jar!/" />
    </SOURCES>
  </library>
</component>