<component name="libraryTable">
  <library name="com.android.support:recyclerview-v7-26.1.0">
    <CLASSES>
      <root url="jar://$USER_HOME$/.gradle/caches/transforms-1/files-1.1/recyclerview-v7-26.1.0.aar/4de3aa1fb9d25f562ad0cd7bfa8fea14/jars/classes.jar!/" />
      <root url="file://$USER_HOME$/.gradle/caches/transforms-1/files-1.1/recyclerview-v7-26.1.0.aar/4de3aa1fb9d25f562ad0cd7bfa8fea14/res" />
    </CLASSES>
    <JAVADOC />
    <SOURCES>
      <root url="jar://$USER_HOME$/.gradle/caches/modules-2/files-2.1/com.android.support/recyclerview-v7/26.1.0/63d6891b399433c913fe91ce95a8456de02d367f/recyclerview-v7-26.1.0-sources.jar!/" />
    </SOURCES>
  </library>
</component>