<component name="libraryTable">
  <library name="com.google.android.gms:play-services-base-license-12.0.0">
    <CLASSES>
      <root url="jar://$USER_HOME$/.gradle/caches/transforms-1/files-1.1/play-services-base-license-12.0.0.aar/320f790b16e36c5775ba665932a15f07/jars/classes.jar!/" />
      <root url="file://$USER_HOME$/.gradle/caches/transforms-1/files-1.1/play-services-base-license-12.0.0.aar/320f790b16e36c5775ba665932a15f07/res" />
    </CLASSES>
    <JAVADOC />
    <SOURCES />
  </library>
</component>