<component name="libraryTable">
  <library name="com.google.android.gms:play-services-tasks-12.0.0">
    <CLASSES>
      <root url="jar://$USER_HOME$/.gradle/caches/transforms-1/files-1.1/play-services-tasks-12.0.0.aar/113d92136f62756dec858e64d6d09d3c/jars/classes.jar!/" />
      <root url="file://$USER_HOME$/.gradle/caches/transforms-1/files-1.1/play-services-tasks-12.0.0.aar/113d92136f62756dec858e64d6d09d3c/res" />
    </CLASSES>
    <JAVADOC />
    <SOURCES />
  </library>
</component>